Vehicle Name,URL,Wheel Base,Ground Clearance,Overall Width,Overall Height,Overall Length
TATA Intra V30,https://trucksfloor.com/en/tata-truck/intra-v30,2450 mm,170 mm,1692 mm,1945 mm,4460 mm
Tata 1109g LPT,https://trucksfloor.com/en/tata-truck/1109g-lpt,3920 / 4930 mm,217 mm,2260 mm,2090 mm,5540 mm
Tata Intra V 30 Gold,https://trucksfloor.com/en/tata-truck/v-30-gold,2450 mm,175 mm,1692 mm,1945 mm,4460 mm
TATA Ace CNG 2.0,https://trucksfloor.com/en/tata-truck/ace-cng-20,2250 mm,160 mm,1500 mm,1840 mm,4075 mm
Tata Ace EV,https://trucksfloor.com/en/tata-truck/ace-ev,2100 mm,160 mm,1500 mm,2635 / 1840 mm,3800 mm
Tata Ace HT+,https://trucksfloor.com/en/tata-truck/ace-ht-plus,2250 mm,160 mm,1500 mm,1858 mm,4075 mm
Tata Ace Gold,https://trucksfloor.com/en/tata-truck/ace-gold,2250 / 2100 mm,160 mm,1500 mm,1850 / 1840 / 1845 mm,4075 mm
TATA Ace Diesel,https://trucksfloor.com/en/tata-truck/ace-diesel,2100 mm,160 mm,1500 mm,1840 mm,3800 mm
TATA Intra V10,https://trucksfloor.com/en/tata-truck/intra-v10,2250 mm,175 mm,1639 mm,1921 mm,4282 mm
TATA Intra V20 GOLD,https://trucksfloor.com/en/tata-truck/intra-v20-gold,2450 mm,175 mm,1620 mm,1921 mm,4460 mm
TATA Intra V50,https://trucksfloor.com/en/tata-truck/intra-v50,2600 mm,193 mm,1694 mm,2013 mm,4734 mm
TATA Intra V70,https://trucksfloor.com/en/tata-truck/intra-v70,2600 mm,160 mm,1750 mm,2013 mm,4734 mm
TATA Intra V20,https://trucksfloor.com/en/tata-truck/intra-v20,2450 mm,175 mm,1692 mm,1921 mm,4460 mm
TATA Intra V50 LNT,https://trucksfloor.com/en/tata-truck/intra-v50-lnt,2600 mm,193 mm,1620 mm,2013 mm,4734 mm
Tata 710 Gold LPT,https://trucksfloor.com/en/tata-truck/710-gold-lpt,2950 mm,216 mm,2105 mm,1815 mm,3160 mm
TATA Yodha Single Cab,https://trucksfloor.com/en/tata-truck/yodha-single-cab,3150 mm,210 mm,1860 mm,1810 mm,5350 mm
TATA Yodha Crew Cab,https://trucksfloor.com/en/tata-truck/yodha-crew-cab,3150 mm,210 mm,1860 mm,1810 mm,5350 mm
Tata LPK 1212,https://trucksfloor.com/en/tata-truck/lpk-1212,3000 mm,245 mm,2252 mm,930 mm,3370 mm
Tata 1012 LPT,https://trucksfloor.com/en/tata-truck/1012-lpt,3550 / 4920 mm,214 mm,2260 mm,2090 mm,4550 mm
Tata 712 LPT,https://trucksfloor.com/en/tata-truck/712-lpt,3550 / 3920 mm,220 mm,2155 / 2255 mm,2465 / 2920 / 2475 mm,6385 mm
Tata 912 LPT,https://trucksfloor.com/en/tata-truck/912-lpt,3400 / 3800 mm,194 mm,2117 mm,1835 mm,4550 mm
Tata 710 LPT,https://trucksfloor.com/en/tata-truck/710-lpt,3550 / 3920 mm,220 mm,2117 mm,1825 / 1820 mm,4550 mm
Tata 1616 LPT,https://trucksfloor.com/en/tata-truck/1616-lpt,4530 / 5300 mm,225 mm,2440 mm,2700 mm,8275 mm
Tata 1212 LPT,https://trucksfloor.com/en/tata-truck/1212-lpt,3600 / 4830 mm,225 mm,2175 mm,1835 mm,5385 mm
Tata 1216 LPT,https://trucksfloor.com/en/tata-truck/1216-lpt,3920 / 5300 mm,225 mm,2425 mm,2700 / 3200 mm,7305 mm
Tata 1412g LPT,https://trucksfloor.com/en/tata-truck/1412g-lpt,4200 / 4830 mm,225 mm,2175 mm,1830 / 1825 mm,6300 mm
Tata 1112 LPT,https://trucksfloor.com/en/tata-truck/1112-lpt,3550 / 4920 mm,214 mm,2260 mm,2090 mm,4550 mm
Tata 1416 LPT,https://trucksfloor.com/en/tata-truck/1416-lpt,3920 / 5300 mm,225 mm,2380 / 2425 mm,2700 / 3200 mm,7325 mm
Tata 510 TT SFC,https://trucksfloor.com/en/tata-truck/510-tt-sfc,3305 mm,189 mm,2048 / 2100 mm,2300 / 2835 mm,5405 mm
Tata 407 Gold SFC,https://trucksfloor.com/en/tata-truck/407-gold-sfc,2900 / 3300 mm,209 / 223 mm,1905 mm,2260 mm,4687 mm
Tata 407 GOLD RJ SFC,https://trucksfloor.com/en/tata-truck/407-gold-rj-sfc,3305 mm,210 mm,1905 / 2100 mm,2300 / 2850 mm,5405 mm
Tata 609G SFC,https://trucksfloor.com/en/tata-truck/609g-sfc,3305 mm,249 mm,1905 / 2100 mm,2380 / 2960 mm,5407 mm
Tata 407g Gold SFC,https://trucksfloor.com/en/tata-truck/407g-gold-sfc,3305 mm,210 mm,1905 / 2100 mm,2300 / 2850 mm,5415 mm
Tata Signa 1923.K,https://trucksfloor.com/en/tata-truck/signa-1923-k,3580 / 4200 mm,248 mm,2510 mm,3010 mm,6134 mm
Tata Ultra 1412,https://trucksfloor.com/en/tata-truck/ultra-1412,3920 / 4920 mm,225 mm,2440 mm,2605 / 3055 mm,7290 mm
Tata 1412 LPT,https://trucksfloor.com/en/tata-truck/1412-lpt,3600 / 4830 mm,225 mm,2175 mm,1835 mm,5400 mm
Tata 1512 LPT,https://trucksfloor.com/en/tata-truck/1512-lpt,4200 / 4830 mm,225 mm,2475 mm,2165 mm,6300 mm
Tata 1815 LPT,https://trucksfloor.com/en/tata-truck/1815-lpt,4200 / 4800 mm,225 mm,2325 mm,3230 mm,7995 mm
Tata 1816 LPT,https://trucksfloor.com/en/tata-truck/1816-lpt,4530 / 5300 mm,235 mm,2440 mm,2700 / 3200 mm,8270 mm
Tata 610 SFC,https://trucksfloor.com/en/tata-truck/610-sfc,3305 mm,249 mm,1905 / 2100 mm,2300 / 2850 mm,5405 mm
Tata 710 SFC,https://trucksfloor.com/en/tata-truck/710-sfc,3800 mm,,2086 / 2255 mm,2290 / 2850 mm,6079 mm
Tata Ultra T.12,https://trucksfloor.com/en/tata-truck/ultra-t-12,4530 mm,189 mm,2205 / 2255 mm,2470 / 2930 mm,8205 mm
Tata Ultra T.12g,https://trucksfloor.com/en/tata-truck/ultra-t-12g,4530 mm,189 mm,2255 mm,2933 mm,8930 mm
Tata Ultra T.16,https://trucksfloor.com/en/tata-truck/ultra-t-16,3920 / 5300 mm,235 mm,2440 mm,2605 / 3100 mm,7355 mm
Tata Ultra T.18,https://trucksfloor.com/en/tata-truck/ultra-t-18,4920 / 5560 mm,256 mm,2440 mm,2632 / 3145 mm,8915 mm
Tata Winger Cargo,https://trucksfloor.com/en/tata-truck/winger-cargo,3488 mm,180 mm,1905 mm,2460 mm,5458 mm
Tata Ultra Sleek T.9,https://trucksfloor.com/en/tata-truck/ultra-sleek-t-9,3350 / 4530 mm,197 mm,2100 mm,2680 mm,7346 mm
Tata Ultra T.16 SL,https://trucksfloor.com/en/tata-truck/ultra-t-16-sl,4920 / 6800 mm,228 mm,2440 mm,2632 / 3084 mm,8570 mm
Tata Ultra T.16 SL AMT,https://trucksfloor.com/en/tata-truck/ultra-t-16-sl-amt,5300 mm,228 mm,2440 mm,2630 mm,9850 mm
Tata 510 LPT,https://trucksfloor.com/en/tata-truck/510-lpt,2775 mm,189 mm,2255 mm,2326 mm,5215 mm
Tata Signa 3525.K/TK,https://trucksfloor.com/en/tata-truck/3525-k-tk-signa,5580 mm,250 mm,2510 mm,2961 mm,8446 mm
Tata 1916 LPT,https://trucksfloor.com/en/tata-truck/1916-lpt,5300 mm,,2425 mm,3200 mm,9600 mm
Ashok Leyland Dost +,https://trucksfloor.com/en/ashok-leyland-truck/dost-plus,2510 mm,190 mm,1620 mm,1930 mm,4630 mm
Ashok Leyland Dost CNG,https://trucksfloor.com/en/ashok-leyland-truck/dost-cng,2350 mm,177 mm,1620 mm,1845 mm,4485 mm
Ashok Leyland Partner 4 Tyre,https://trucksfloor.com/en/ashok-leyland-truck/partner-4-tyre,2685 / 3335 mm,238 mm,1960 mm,2250 / 2815 mm,4920 mm
Ashok Leyland Bada Dost CNG,https://trucksfloor.com/en/ashok-leyland-truck/bada-dost-cng,2510 mm,195 mm,1842 mm,2056 mm,4868 mm
Ashok Leyland Bada Dost i3+,https://trucksfloor.com/en/ashok-leyland-truck/bada-dost-i3-plus,2590 mm,206 mm,1842 mm,2061 mm,5025 mm
Ashok Leyland Bada Dost i4 with LNT,https://trucksfloor.com/en/ashok-leyland-truck/bada-dost-i4-with-lnt,2590 mm,206 mm,1842 mm,2061 mm,5025 mm
Ashok Leyland Bada Dost i5,https://trucksfloor.com/en/ashok-leyland-truck/bada-dost-i5,2590 mm,206 mm,1842 mm,2061 mm,5025 mm
Ashok Leyland Dost LiTE,https://trucksfloor.com/en/ashok-leyland-truck/dost-lite,2350 mm,177 mm,1620 mm,1835 mm,4485 mm
Ashok Leyland Dost Strong,https://trucksfloor.com/en/ashok-leyland-truck/dost-strong,2350 mm,177 mm,1670 mm,1845 mm,4485 mm
Ashok Leyland Dost XL,https://trucksfloor.com/en/ashok-leyland-truck/dost-xl,2350 mm,177 mm,1670 mm,1860 mm,4630 mm
Ashok Leyland Bada Dost i3+ with LNT,https://trucksfloor.com/en/ashok-leyland-truck/bada-dost-i3-plus-with-lnt,2590 mm,206 mm,1842 mm,2061 mm,5025 mm
Ashok Leyland Bada Dost i4,https://trucksfloor.com/en/ashok-leyland-truck/bada-dost-i4,2590 mm,206 mm,1842 mm,2061 mm,5025 mm
Ashok Leyland Dost + CNG,https://trucksfloor.com/en/ashok-leyland-truck/dost-plus-cng,2510 mm,200 mm,1670 mm,1930 mm,4630 mm
Ashok Leyland Partner 6 Tyre,https://trucksfloor.com/en/ashok-leyland-truck/partner-6-tyre,2820 / 3320 mm,221 mm,2060 mm,2240 / 2830 / 2832 mm,5170 mm
Ashok Leyland Bada Dost i2,https://trucksfloor.com/en/ashok-leyland-truck/bada-dost-i2,2510 mm,206 mm,1842 mm,2056 mm,4818 mm
Ashok leyland Saathi,https://trucksfloor.com/en/ashok-leyland-truck/saathi,2250 mm,,1663 mm,1833 mm,4406 mm
Ashok Leyland ecomet 1015 TE Tipper,https://trucksfloor.com/en/ashok-leyland-truck/ecomet-1015-te,2850 mm,215 mm,2207 / 2280 mm,2700 / 3000 mm,5332 mm
Ashok Leyland ecomet 1215 TE,https://trucksfloor.com/en/ashok-leyland-truck/ecomet-1215-te,2850 / 3250 mm,232 / 215 mm,2207 / 2280 mm,2700 / 3000 mm,5332 mm
Ashok Leyland ecomet STAR 1815+,https://trucksfloor.com/en/ashok-leyland-truck/ecomet-star-1815-plus,,215 mm,2264 mm,2670 mm,7315 mm
Ashok Leyland ecomet STAR 1915 HE,https://trucksfloor.com/en/ashok-leyland-truck/ecomet-star-1915-he,,215 mm,2264 mm,2670 mm,7315 mm
Ashok Leyland Boss 1115,https://trucksfloor.com/en/ashok-leyland-truck/boss-1115,3400 / 3900 / 4500 / 4900 mm,260 mm,2210 / 2270 mm,2495 mm,6422 mm
Ashok Leyland Boss 1115 TB Tipper,https://trucksfloor.com/en/ashok-leyland-truck/boss-1115-tb,2990 mm,188 mm,2200 mm,2579 / 1019 mm,5598 mm
Ashok Leyland Boss 1215,https://trucksfloor.com/en/ashok-leyland-truck/boss-1215,3900 / 4500 / 4900 / 5200 mm,260 mm,2210 / 2270 mm,2640 mm,7328 mm
Ashok Leyland Boss 1315,https://trucksfloor.com/en/ashok-leyland-truck/boss-1315,3400 / 3900 / 4500 / 4900 / 5200 mm,230 mm,2210 / 2270 mm,2640 mm,6422 mm
Ashok Leyland Boss 1415,https://trucksfloor.com/en/ashok-leyland-truck/boss-1415,3400 / 3900 / 4500 / 4900 / 5200 mm,230 mm,2210 / 2270 mm,2670 mm,6422 mm
Ashok leyland 1916 HH 4x2,https://trucksfloor.com/en/ashok-leyland-truck/1916-hh-4x2,4350 / 4800 mm,241 mm,2470 mm,2700 mm,7836 mm
Ashok leyland AVTR 1920 4X2,https://trucksfloor.com/en/ashok-leyland-truck/avtr-1920-4x2,4350 / 6600 mm,260 mm,2570 mm,2987 / 3177 mm,7910 mm
Ashok leyland AVTR 1920 4X2 Tipper,https://trucksfloor.com/en/ashok-leyland-truck/avtr-1920-4x2-tipper,3100 / 3600 mm,260 mm,2470 mm,3165 mm,6335 mm
Ashok leyland AVTR 2620 6x2,https://trucksfloor.com/en/ashok-leyland-truck/avtr-2620-6x2,5130 / 6180 mm,253 mm,2570 mm,2987 / 3177 mm,9710 mm
Ashok leyland AVTR 2820 6x4 Tipper,https://trucksfloor.com/en/ashok-leyland-truck/avtr-2820-6x4-tipper,3900 / 4600 mm,253 mm,2570 mm,2987 mm,9710 mm
Ashok leyland AVTR 3120 6x2,https://trucksfloor.com/en/ashok-leyland-truck/avtr-3120-6x2,4930 / 5980 mm,253 mm,2570 mm,2987 / 3177 mm,9710 mm
Ashok leyland AVTR 3520 8x2 LA,https://trucksfloor.com/en/ashok-leyland-truck/avtr-3520-8x2-la,5450 / 6600 mm,250 mm,2570 mm,2987 / 3177 mm,10360 mm
Ashok leyland AVTR 3520 8x2 TS,https://trucksfloor.com/en/ashok-leyland-truck/avtr-3520-8x2-ts,6000 / 6600 mm,250 mm,2570 mm,2987 / 3177 mm,10360 mm
Ashok leyland AVTR 4120 8x2,https://trucksfloor.com/en/ashok-leyland-truck/avtr-4120-8x2,6000 / 6600 mm,253 mm,2570 mm,2987 / 3177 mm,10960 mm
Ashok leyland AVTR 4125 8x2,https://trucksfloor.com/en/ashok-leyland-truck/avtr-4125-8x2,6000 mm,253 mm,2570 mm,3177 mm,10960 mm
Ashok leyland AVTR 4220 10x2 Tipper,https://trucksfloor.com/en/ashok-leyland-truck/avtr-4220-10x2-tipper,6600 mm,253 mm,2570 mm,3165 mm,10960 mm
Ashok leyland AVTR 4220 4x2,https://trucksfloor.com/en/ashok-leyland-truck/avtr-4220-4x2,3400 mm,260 mm,2570 mm,3247 mm,5950 mm
Ashok leyland AVTR 4225 10x2,https://trucksfloor.com/en/ashok-leyland-truck/avtr-4225-10x2,6600 mm,253 mm,2570 mm,3110 mm,10960 mm
Ashok leyland AVTR 4225 4x2,https://trucksfloor.com/en/ashok-leyland-truck/avtr-4225-4x2,3400 mm,260 mm,2570 mm,3177 mm,5950 mm
Ashok leyland AVTR 4420 4x2,https://trucksfloor.com/en/ashok-leyland-truck/avtr-4420-4x2,3400 mm,260 mm,2570 mm,3247 mm,5950 mm
Ashok leyland AVTR 4425 4x2,https://trucksfloor.com/en/ashok-leyland-truck/avtr-4425-4x2,3400 mm,260 mm,2570 mm,3177 mm,5950 mm
Ashok leyland AVTR 4825 10x2,https://trucksfloor.com/en/ashok-leyland-truck/avtr-4825-10x2,6600 mm,,2570 mm,3110 mm,10900 mm
Ashok leyland AVTR 5225 4x2,https://trucksfloor.com/en/ashok-leyland-truck/avtr-5225-4x2,3400 mm,260 mm,2570 mm,3247 mm,5950 mm
Ashok leyland AVTR 5425 4x2,https://trucksfloor.com/en/ashok-leyland-truck/avtr-5425-4x2,3400 mm,260 mm,2570 mm,3247 mm,5950 mm
Ashok leyland AVTR 5525 4x2,https://trucksfloor.com/en/ashok-leyland-truck/avtr-5525-4x2,3400 mm,260 mm,2570 mm,3247 mm,5950 mm
Ashok leyland AVTR 5525 6x4,https://trucksfloor.com/en/ashok-leyland-truck/avtr-5525-6x4,3900 mm,250 mm,2570 mm,2987 / 3177 mm,6900 mm
Ashok Leyland ecomet 1415 TE,https://trucksfloor.com/en/ashok-leyland-truck/ecomet-1415-te,3250 mm,270 mm,2207 / 2396 mm,3000 mm,5778 mm
Ashok leyland AVTR UF 3522 LNG,https://trucksfloor.com/en/ashok-leyland-truck/avtr-uf-3522-lng,6000 / 6600 mm,253 mm,2570 mm,3145 / 3110 mm,9710 mm
Eicher pro 3019,https://trucksfloor.com/en/eicher-truck/hdt-pro-3019,4490 / 5490 / 6690 mm,258 mm,2332 mm,2722 mm,8380 mm
Mahindra Bolero Camper,https://trucksfloor.com/en/mahindra-truck/bolero-camper,3014 mm,185 / 191 mm,1670 mm,1855 mm,4859 mm
Bharat Benz 1617R,https://trucksfloor.com/en/bharat-benz-truck/mdt-1617r,5100 / 5900 / 6700 mm,270 mm,2457 mm,2600 mm,8600 mm
Eicher pro 6035,https://trucksfloor.com/en/eicher-truck/hdt-pro-6035,5800 / 6800 mm,235 mm,2510 mm,2940 mm,7851 mm
Bharat Benz 1217C,https://trucksfloor.com/en/bharat-benz-truck/mdt-1217c,3160 mm,245 mm,2135 mm,2420 mm,5435 mm
Eicher pro 6040,https://trucksfloor.com/en/eicher-truck/hdt-pro-6040,3200 mm,285 mm,2560 mm,2915 mm,5455 mm
Eicher pro 6055XP,https://trucksfloor.com/en/eicher-truck/hdt-pro-6055xp,4050 / 4085 mm,220 mm,2528 mm,2915 mm,7093 mm
Eicher pro 6048XP,https://trucksfloor.com/en/eicher-truck/hdt-pro-6048xp,6800 mm,235 mm,2510 mm,2940 mm,11235 mm
Mahindra Bolero Pik-up,https://trucksfloor.com/en/mahindra-truck/bolero-pik-up,3264 / 3014 mm,200 mm,1700 mm,1865 mm,5219 mm
Maruti Suzuki Super Carry CNG,https://trucksfloor.com/en/maruti-suzuki-truck/super-carry-cng,2110 mm,175 mm,1562 mm,1883 mm,3800 mm
SML ISUZU Sartaj 5252 CNG,https://trucksfloor.com/en/sml-isuzu-truck/sartaj-5252-cng,2515 mm,190 mm,1975 mm,580 mm,4489 mm
Bharat Benz 1217R,https://trucksfloor.com/en/bharat-benz-truck/mdt-1217r,3360 / 3760 / 4250 / 4800 / 5050 mm,245 mm,2420 mm,2500 mm,6380 mm
Bharat Benz 1217RE,https://trucksfloor.com/en/bharat-benz-truck/mdt-1217re,3360 / 3760 / 4250 / 4800 / 5050 mm,245 mm,2420 mm,2500 mm,6380 mm
Mahindra Jeeto L,https://trucksfloor.com/en/mahindra-truck/jeeto-l,2375 mm,165 mm,1498 mm,1750 mm,3431 mm
Maruti Suzuki EECO Cargo Petrol,https://trucksfloor.com/en/maruti-suzuki-truck/eeco-cargo-petrol,2350 mm,,1475 mm,1825 mm,3675 mm
Mahindra Veero XL,https://trucksfloor.com/en/mahindra-truck/veero-xl,2550 mm,,1746 mm,2040 mm,4710 mm
Bharat Benz 1617RD,https://trucksfloor.com/en/bharat-benz-truck/mdt-1617rd,3760 / 4250 / 4800 / 5050 / 6800 / 4250 mm,240 mm,2360 mm,2520 mm,7020 mm
Bharat Benz 1917R,https://trucksfloor.com/en/bharat-benz-truck/mdt-1917r,5100 / 5900 / 5900 / 6700 mm,275 mm,2457 mm,2600 mm,8600 mm
Eicher pro 6046,https://trucksfloor.com/en/eicher-truck/hdt-pro-6046,3200 mm,220 mm,2560 mm,2915 mm,5455 mm
Eicher pro 6042,https://trucksfloor.com/en/eicher-truck/hdt-pro-6042,6800 mm,235 mm,2510 mm,2940 mm,7647 mm
Mahindra Supro Profit Mini,https://trucksfloor.com/en/mahindra-truck/supro-profit-mini,1950 mm,160 / 170 mm,1540 mm,1915 mm,3927 mm
Mahindra Supro Profit CNG Duo,https://trucksfloor.com/en/mahindra-truck/supro-profit-cng-duo,1950 mm,158 mm,1540 mm,1900 mm,3927 mm
Mahindra Supro Profit Maxi,https://trucksfloor.com/en/mahindra-truck/supro-profit-maxi,2050 mm,208 mm,1540 mm,1900 mm,4148 mm
Mahindra Supro Profit Excel,https://trucksfloor.com/en/mahindra-truck/supro-profit-excel,2050 mm,208 mm,1540 mm,1900 mm,4148 mm
Maruti Suzuki EECO Cargo CNG,https://trucksfloor.com/en/maruti-suzuki-truck/eeco-cargo-cng,2350 mm,,1475 mm,1825 mm,3675 mm
Maruti Suzuki EECO Cargo AC,https://trucksfloor.com/en/maruti-suzuki-truck/eeco-cargo-cng-ac,2350 mm,,1475 mm,1825 mm,3675 mm
Maruti Suzuki Super Carry Petrol Chassis,https://trucksfloor.com/en/maruti-suzuki-truck/super-carry-petrol-chassis,2110 mm,160 mm,1562 mm,1883 mm,3800 mm
SML ISUZU Sartaj 5252 Diesel,https://trucksfloor.com/en/sml-isuzu-truck/sartaj-5252-diesel,2515 mm,190 mm,1975 mm,580 mm,4489 mm
Mahindra Bolero MaXX Pik-up City,https://trucksfloor.com/en/mahindra-truck/bolero-maxx-pik-up-city,3150 mm,185 mm,1755 mm,1873 / 1880 mm,4940 mm
Mahindra Bolero MaXX Pik-up HD,https://trucksfloor.com/en/mahindra-truck/bolero-maxx-pik-up-hd,3290 mm,200 mm,1800 mm,1950 / 1895 mm,5060 mm
Mahindra Jeeto Plus,https://trucksfloor.com/en/mahindra-truck/jeeto-plus,2500 / 2375 mm,165 mm,1498 mm,1750 mm,3876 mm
Mahindra Jeeto Strong,https://trucksfloor.com/en/mahindra-truck/jeeto-strong,2500 mm,165 / 180 mm,1498 mm,1750 mm,3876 mm
Mahindra Jeeto X,https://trucksfloor.com/en/mahindra-truck/jeeto-x,2500 mm,165 mm,1498 mm,1750 mm,3581 mm
Mahindra Jeeto S,https://trucksfloor.com/en/mahindra-truck/jeeto-s,2250 mm,165 mm,1498 mm,1750 mm,3281 mm
Bharat Benz 1117R,https://trucksfloor.com/en/bharat-benz-truck/mdt-1117r,3360 / 3760 / 4250 / 4800 mm,205 mm,2205 mm,2420 mm,6380 mm
Bharat Benz 1417R,https://trucksfloor.com/en/bharat-benz-truck/mdt-1417r,3360 / 3760 / 4250 / 4800 / 5050 mm,220 mm,2240 mm,2475 mm,6380 mm
Bharat Benz 1417RE,https://trucksfloor.com/en/bharat-benz-truck/mdt-1417re,3360 / 3760 / 4250 / 4800 / 5050 mm,220 mm,2240 mm,2475 mm,6380 mm
Eicher pro 8028XM,https://trucksfloor.com/en/eicher-truck/hdt-pro-8028xm,4585 mm,289 mm,2590 mm,3790 mm,8430 mm
Eicher pro 8035XM,https://trucksfloor.com/en/eicher-truck/hdt-pro-8035xm,5285 mm,308 mm,2580 mm,3752 mm,9090 mm
Eicher pro 8035XM AMT,https://trucksfloor.com/en/eicher-truck/hdt-pro-8035xm-amt,5285 mm,308 mm,2580 mm,3752 mm,9090 mm
Eicher pro 8028XC,https://trucksfloor.com/en/eicher-truck/hdt-pro-8028xc,4585 mm,308 mm,2580 mm,3752 mm,9090 mm
Eicher pro 6028,https://trucksfloor.com/en/eicher-truck/hdt-pro-6028,5350 / 6800 mm,220 mm,2481 mm,2960 mm,11880 mm
Eicher pro 6055XP (4x2),https://trucksfloor.com/en/eicher-truck/hdt-pro-6055xp-4x2,3200 mm,220 mm,2560 mm,2915 mm,5455 mm
Eicher pro 8055,https://trucksfloor.com/en/eicher-truck/hdt-pro-8055,4085 mm,308 mm,2590 mm,3325 mm,7195 mm
Mahindra Bolero Pik Up ExtraLong,https://trucksfloor.com/en/mahindra-truck/bolero-pikup-extralong,3000 mm,175 mm,1700 mm,1865 mm,5215 mm
Mahindra Bolero Pik UP ExtraStrong,https://trucksfloor.com/en/mahindra-truck/bolero-pikup-extrastrong,2900 mm,175 mm,1700 mm,1865 mm,5219 mm
BharatBenz 2832CM TORQSHIFT,https://trucksfloor.com/en/bharat-benz-truck/hdt-c-2832cm-torqshift,4275 mm,349 mm,2490 mm,2995 mm,7185 mm
BharatBenz 3532CM TORQSHIFT,https://trucksfloor.com/en/bharat-benz-truck/hdt-c-3532cm-torqshift,5175 mm,359 mm,2490 mm,2960 mm,8085 mm
Eicher pro 6028T,https://trucksfloor.com/en/eicher-truck/hdt-pro-6028t,4000 / 4585 mm,220 mm,2481 mm,2960 mm,11880 mm
Maruti Suzuki Super Carry Petrol,https://trucksfloor.com/en/maruti-suzuki-truck/super-carry-petrol,2110 mm,160 mm,1562 mm,1883 mm,3800 mm
Maruti Suzuki Super Carry CNG Chassis,https://trucksfloor.com/en/maruti-suzuki-truck/super-carry-cng-chassis,2110 mm,175 mm,1562 mm,1883 mm,3800 mm
Mahindra Veero XXL,https://trucksfloor.com/en/mahindra-truck/veero-xxl,2700 mm,216 mm,1746 mm,2040 mm,4980 mm
Force Traveller 3350 MM WB,https://trucksfloor.com/en/force-truck/traveller-3350-mm-wb,3350 mm,200 mm,1900 mm,2550 mm,5615 mm
Bharat Benz 4832 R,https://trucksfloor.com/en/bharat-benz-truck/hdt-r-4832-r,6575 mm,180 mm,2490 mm,2985 mm,10990 mm
Force Traveller 3700 MM WB,https://trucksfloor.com/en/force-truck/traveller-3700-mm-wb,3700 mm,200 mm,1900 mm,2550 mm,6265 mm
Force Traveller 3050 MM WB,https://trucksfloor.com/en/force-truck/traveller-3050-mm-wb,3050 mm,200 mm,1900 mm,2550 mm,5135 mm
Bharat Benz 4232 R,https://trucksfloor.com/en/bharat-benz-truck/hdt-r-4232-r,6575 / 6775 mm,220 mm,2490 mm,2940 mm,9920 mm
Bharat Benz 2826R,https://trucksfloor.com/en/bharat-benz-truck/hdt-r-2826-r,5175 / 5775 / 6375 mm,225 mm,2490 mm,2850 mm,9890 mm
Force Traveller 4020 MM WB,https://trucksfloor.com/en/force-truck/traveller-4020-mm-wb,4020 mm,200 mm,1900 mm,2550 mm,6966 mm
Bharat Benz 3832R,https://trucksfloor.com/en/bharat-benz-truck/hdt-r-3832-r,5900 mm,170 mm,2490 mm,2930 mm,10435 mm
Bharat Benz 3526R,https://trucksfloor.com/en/bharat-benz-truck/hdt-r-3526-r,5775 / 6375 mm,210 mm,2490 mm,2960 mm,10490 mm
Force Trax Crew Van,https://trucksfloor.com/en/force-truck/trax-crew-van-d-plus-5,3050 mm,200 mm,1818 mm,2027 mm,5120 mm
Force Trax Delivery Van,https://trucksfloor.com/en/force-truck/trax-delivery-van-d-plus-2,3050 mm,200 mm,1818 mm,2027 mm,5120 mm
Mahindra FURIO 11,https://trucksfloor.com/en/mahindra-truck/furio-11,4000 / 4950 mm,230 mm,2135 mm,1745 mm,5334 mm
Force Trax Cash Van,https://trucksfloor.com/en/force-truck/trax-cash-van,3050 mm,200 mm,1818 mm,2027 mm,5120 mm
Bharat Benz 2828C RMC,https://trucksfloor.com/en/bharat-benz-truck/hdt-c-2828-c-rmc,4575 mm,290 mm,2600 mm,3830 mm,9475 mm
Bharat Benz 1926C,https://trucksfloor.com/en/bharat-benz-truck/hdt-c-1926-c,3600 mm,265 mm,2490 mm,2960 mm,6185 mm
Bharat Benz 2826C,https://trucksfloor.com/en/bharat-benz-truck/hdt-c-2826-c,4275 mm,290 mm,2490 mm,2955 mm,7185 mm
Bharat Benz 2828C,https://trucksfloor.com/en/bharat-benz-truck/hdt-c-2828-c,4275 mm,282 mm,2490 mm,2955 mm,7185 mm
Bharat Benz 2828CH,https://trucksfloor.com/en/bharat-benz-truck/hdt-c-2828-ch,4275 mm,331 mm,2490 mm,2995 mm,7185 mm
Bharat Benz 2832CM,https://trucksfloor.com/en/bharat-benz-truck/hdt-c-2832-cm,4275 mm,349 mm,2490 mm,2995 mm,7185 mm
Bharat Benz 3528C,https://trucksfloor.com/en/bharat-benz-truck/hdt-c-3528-c,5175 mm,290 / 232 mm,2490 mm,2983 mm,8085 mm
Bharat Benz 3532CM,https://trucksfloor.com/en/bharat-benz-truck/hdt-c-3532-cm,5175 mm,359 mm,2490 mm,2962 mm,8085 mm
Bharat Benz 2823RT,https://trucksfloor.com/en/bharat-benz-truck/hdt-rt-2823-rt,4275 mm,247 mm,2490 mm,2960 mm,7335 mm
Bharat Benz 4228RT,https://trucksfloor.com/en/bharat-benz-truck/hdt-rt-4228-rt,6575 mm,247 mm,2490 mm,2955 mm,9635 mm
Bharat Benz 4828RT,https://trucksfloor.com/en/bharat-benz-truck/hdt-rt-4828-rt,6575 mm,176 mm,2490 mm,3023 mm,9635 mm
Bharat Benz 3523RT,https://trucksfloor.com/en/bharat-benz-truck/hdt-rt-3523-rt,5775 mm,230 mm,2490 mm,2965 mm,8835 mm
Bharat Benz 4023T,https://trucksfloor.com/en/bharat-benz-truck/hdt-t-4023-t,3300 mm,237 mm,2490 mm,2960 mm,5780 mm
Bharat Benz 4028T,https://trucksfloor.com/en/bharat-benz-truck/hdt-t-4028-t,3600 mm,304 mm,2490 mm,2960 mm,6065 mm
Bharat Benz 4032T,https://trucksfloor.com/en/bharat-benz-truck/hdt-t-4032-t,3600 mm,304 mm,2490 mm,2975 mm,6065 mm
Bharat Benz 4628T 4 X 2,https://trucksfloor.com/en/bharat-benz-truck/hdt-t-4628-t-4-x-2,3600 mm,304 mm,2490 mm,2920 mm,6063 mm
Bharat Benz 5032T,https://trucksfloor.com/en/bharat-benz-truck/hdt-t-5032-t,3600 mm,304 mm,2490 mm,2975 mm,6065 mm
Bharat Benz 5432T,https://trucksfloor.com/en/bharat-benz-truck/hdt-t-5432-t,3600 mm,304 mm,2490 mm,2975 mm,6065 mm
Bharat Benz 5528T 4 X 2,https://trucksfloor.com/en/bharat-benz-truck/hdt-t-5528-t-4-x-2,3600 mm,304 mm,2490 mm,2945 mm,6065 mm
Bharat Benz 5528T 6 X 4,https://trucksfloor.com/en/bharat-benz-truck/hdt-t-5528-t-6-x-4,3975 mm,255 mm,2490 mm,2910 mm,6935 mm
Bharat Benz 5532T 4 X 2,https://trucksfloor.com/en/bharat-benz-truck/hdt-t-5532-t-4-x-2,3600 mm,304 mm,2490 mm,2975 mm,6065 mm
Bharat Benz 5532T 6 X 4,https://trucksfloor.com/en/bharat-benz-truck/hdt-t-5532-t-6-x-4,3975 mm,255 mm,2490 mm,2910 mm,6935 mm
Olectra Meghaetron Electric Tipper,https://trucksfloor.com/en/olectra-truck/meghaetron-electric-tipper,4975 mm,,2550 mm,3978 mm,8770 mm
Volvo FM 420 4x2,https://trucksfloor.com/en/volvo-truck/fm-420-4x2,3500 mm,,2534 mm,3030 mm,5690 mm
Volvo FMX 460 8x4,https://trucksfloor.com/en/volvo-truck/fmx-460-8x4,5035 mm,390 mm,2590 mm,3755 mm,9028 mm
Volvo FM Electric,https://trucksfloor.com/en/volvo-truck/fm-electric,3500 mm,,2534 mm,3030 mm,5690 mm
EKA 55 T,https://trucksfloor.com/en/eka-truck/55-t,4100 mm,275 mm,2490 mm,3028 mm,7115 mm
Omega M1KA 1.0,https://trucksfloor.com/en/omega-truck/m1ka-1-0,3050 mm,313 mm,1670 mm,1960 mm,4730 mm
Premier Roadstar,https://trucksfloor.com/en/premier-truck/roadstar,2000 mm,225 mm,1475 mm,1900 mm,3835 mm
Montra Eviator,https://trucksfloor.com/en/montra-electric-truck/eviator,2677 mm,197 mm,1740 mm,415 mm,3140 mm
Propel 470 HEV - COAL 8 X 4,https://trucksfloor.com/en/propel-truck/470hev-coal-8-x-4,6215 mm,265 mm,2800 mm,3700 mm,8275 mm
Propel 470 HEV - ROCK 8 X 4,https://trucksfloor.com/en/propel-truck/470hev-rock-8-x-4,5900 mm,305 mm,2800 mm,3700 mm,8275 mm
Propel 470 MEV - ROCK 6 X 4,https://trucksfloor.com/en/propel-truck/470mev-rock-6-x-4,4300 mm,265 mm,2800 mm,3650 mm,8275 mm
EKA K1.5,https://trucksfloor.com/en/eka-truck/k1-5,2900 mm,200 mm,1600 mm,1850 mm,4610 mm
Blue Energy 5528 Plus 4x2,https://trucksfloor.com/en/blue-energy-motors-truck/5528-plus-4x2,4200 mm,313 mm,2550 mm,3015 mm,6550 mm
Evage Motors FR8,https://trucksfloor.com/en/evage-motors-truck/fr8,2700 mm,160 mm,1737 mm,1219 mm,3810 mm
Jupiter EV Star CC,https://trucksfloor.com/en/jupiter-electric-mobility-truck/ev-star-cc,4320 mm,180 mm,1980 mm,2360 mm,7190 mm
Toyota Hilux,https://trucksfloor.com/en/toyota-truck/hilux,3085 mm,,1855 mm,1815 mm,5300 mm
Kamaz 3123 8x4,https://trucksfloor.com/en/kamaz-truck/3123-8x4,5360 mm,270 / 285 mm,2580 mm,3450 mm,8940 mm
Kamaz 6460 6x4,https://trucksfloor.com/en/kamaz-truck/6460-6x4,3735 mm,310 mm,2500 mm,3250 mm,6580 mm
Kamaz 6520 6x4,https://trucksfloor.com/en/kamaz-truck/6520-6x4,4300 mm,305 mm,2600 mm,3442 mm,8085 mm
Kamaz 6540 8x4,https://trucksfloor.com/en/kamaz-truck/6540-8x4,3640 mm,300 mm,2600 mm,3328 mm,7290 mm
Scania G410,https://trucksfloor.com/en/scania-truck/g-410,3950 mm,260 mm,2550 mm,3104 mm,6911 mm
Scania G460 Puller,https://trucksfloor.com/en/scania-truck/g-460-puller,4023 mm,300 mm,2550 mm,3392 mm,7365 mm
Scania G500 6x4 Heavy Puller,https://trucksfloor.com/en/scania-truck/g-500-6x4-heavy-puller,4425 mm,,2600 mm,3518 mm,7498 mm
EKA 2.5 T,https://trucksfloor.com/en/eka-truck/2-5-t,2900 mm,,1600 mm,1850 mm,4610 mm
Omega M1KA 3.0,https://trucksfloor.com/en/omega-truck/m1ka-3-0,3360 mm,175 mm,2160 mm,2270 mm,6040 mm
Eka 7T,https://trucksfloor.com/en/eka-truck/7t,3320 mm,260 mm,2110 mm,2480 mm,6210 mm
Sany SKT105S,https://trucksfloor.com/en/sany-truck/skt105s,,,4000 mm,4100 mm,9200 mm
Sany SKT90S,https://trucksfloor.com/en/sany-truck/skt90s,,,3568 mm,4386 mm,9026 mm
Sany SKT105E,https://trucksfloor.com/en/sany-truck/skt105e,,,3960 mm,4250 mm,9550 mm
